고유번호,조사제목,조사시작,중간날짜,조사끝,광역,선거구,선거구_2,언론사,조사기관,조사방법,가상번호 사용여부,ARS/전화면접,"응답자수(N, 응답완료사례수)",응답률,합계,더불어민주당,미래통합당,민생당,정의당,민중당,자유공화당,무소속1,무소속2,친박신당,열린민주당,바른미래당,국민의당,대안신당,민주평화당,국가혁명배당금당,새로운보수당,기타,없음,모름/무응답,사용하지 않음,비고,링크,질문 정리,meta,url
6738,충청북도 청주시 서원구 국회의원선거,2020-03-21,2020-03-22,2020-03-22,충북,청주시서원구,충북청주시서원구,청주KBS,한국갤럽조사연구소,유무선혼합,사용,전화면접,500,15,99.9,30.4,29.2,2.6,,,,13.1,,,,,,,,,,,,24.6,,"이장섭, 최현호, 이창록, 오제세",,,기사,http://www.polinews.co.kr/news/article.html?no=457101
6735,충청북도 청주시 흥덕구 국회의원선거,2020-03-21,2020-03-22,2020-03-22,충북,청주시흥덕구,충북청주시흥덕구,청주KBS,한국갤럽조사연구소,유무선혼합,사용,전화면접,505,16.9,97.9,44.7,29,,,,,,,,,,,,,,,,,24.2,,"도종환, 정우택",,,기사,http://www.polinews.co.kr/news/article.html?no=457101
6729,경기도 안양시 만안구 국회의원선거 정당지지도,2020-03-21,2020-03-22,2020-03-22,경기,안양시만안구,경기안양시만안구,경인일보,알앤써치,유무선혼합,사용,ARS,514,7.5,99.9,43,39.7,,4.3,,,,,,,,,,,,,3.6,5.9,3.4,,"강득구, 이필운, 이종태",,지지도,기사,http://polinews.co.kr/news/article.html?no=457121 
6728,경기도 시흥시 국회의원선거 정당지지도,2020-03-21,2020-03-22,2020-03-22,경기,시흥시갑,경기시흥시갑,경인일보,알앤써치,유무선혼합,사용,ARS,511,7.6,101,47.5,35.6,,3.6,,,,,,,,,,,,,1.8,8.6,3.9,,"문정복, 함진규, 양범진",,지지도,기사,http://www.polinews.co.kr/news/article.html?no=457133
6727,서울특별시 광진구 국회의원선거 비례대표국회의원선거 정당지지도,2020-03-17,2020-03-18,2020-03-18,서울,광진구을,서울광진구을,동아일보,리서치앤리서치,무선,사용,전화면접,502,11.2,100,43.2,40.7,,,,,,,,,,,,,,,0.7,2.1,13.3,,"고민정, 오세훈",https://www.nesdc.go.kr/portal/bbs/B0000005/view.do?nttId=7251&menuNo=200467&searchTime=&sdate=&edate=&pdate=&pollGubuncd=&searchCnd=&searchWrd=&pageIndex=1,가상대결,체크완료,
6725,부산광역시 남구 국회의원선거 정당지지도,2020-03-20,2020-03-21,2020-03-21,부산,남구을,부산남구을,국제신문,폴리컴,유무선혼합,사용,ARS,710,6.7,100,40.5,42.6,,,,,,,,,,,,,,,5.3,7.1,4.5,,"박재호, 이언주",https://www.nesdc.go.kr/portal/bbs/B0000005/view.do?nttId=7256&menuNo=200467&searchTime=&sdate=&edate=&pdate=&pollGubuncd=&searchCnd=&searchWrd=&pageIndex=1,누구를 지지하시겠습니까?,체크완료,
6724,부산광역시 북구 국회의원선거 정당지지도,2020-03-20,2020-03-21,2020-03-21,부산,북구강서구갑,부산북구강서구갑,국제신문,폴리컴,유무선혼합,사용,ARS,707,7.3,100,47.1,37.2,,,,,,,,,,,,,,,4.6,5.4,5.7,,"전재수, 박민식",https://www.nesdc.go.kr/portal/bbs/B0000005/view.do?nttId=7257&menuNo=200467&searchTime=&sdate=&edate=&pdate=&pollGubuncd=&searchCnd=&searchWrd=&pageIndex=1,누구를 지지하시겠습니까?,체크완료,
6723,부산광역시 부산진구 국회의원선거 정당지지도,2020-03-20,2020-03-21,2020-03-21,부산,부산진구갑,부산부산진구갑,국제신문,폴리컴,유무선혼합,사용,ARS,713,6,100,35.3,38.8,,,,,11.2,,,,,,,,,,3.2,6.4,5.1,,"김영춘, 서병수, 정근",https://www.nesdc.go.kr/portal/bbs/B0000005/view.do?nttId=7258&menuNo=200467&searchTime=&sdate=&edate=&pdate=&pollGubuncd=&searchCnd=&searchWrd=&pageIndex=1,누구를 지지하시겠습니까?,체크완료,
6722,서울특별시 동작구 국회의원선거 정당지지도 기타,2020-03-20,2020-03-21,2020-03-21,서울,동작구을,서울동작구을,서울경제,엠브레인퍼블릭,유무선혼합,사용,전화면접,506,15,100,44,34.9,,1.9,,0.2,,,,,,,,,,,1,6.9,11.1,,"이수진, 나경원, 이호영, 이성우",https://www.nesdc.go.kr/portal/bbs/B0000005/view.do?nttId=7264&menuNo=200467&searchTime=&sdate=&edate=&pdate=&pollGubuncd=&searchCnd=&searchWrd=&pageIndex=1,가상대결,체크완료,
6721,서울특별시 구로구 국회의원선거 정당지지도 기타,2020-03-20,2020-03-21,2020-03-21,서울,구로구을,서울구로구을,서울경제,엠브레인퍼블릭,유무선혼합,사용,전화면접,505,16.5,100,40.9,22.9,,,,2.7,,,,,,,,,,,4.5,16.2,12.8,,"윤건영, 김용태, 오세찬",https://www.nesdc.go.kr/portal/bbs/B0000005/view.do?nttId=7263&menuNo=200467&searchTime=&sdate=&edate=&pdate=&pollGubuncd=&searchCnd=&searchWrd=&pageIndex=1,가상대결,체크완료,
6720,서울특별시 광진구 국회의원선거 정당지지도 기타,2020-03-20,2020-03-21,2020-03-21,서울,광진구을,서울광진구을,서울경제,엠브레인퍼블릭,유무선혼합,사용,전화면접,505,13.8,100,40.9,36.6,,,,,,,,,,,,,,,4.1,10,8.4,,"고민정, 오세훈",https://www.nesdc.go.kr/portal/bbs/B0000005/view.do?nttId=7262&menuNo=200467&searchTime=&sdate=&edate=&pdate=&pollGubuncd=&searchCnd=&searchWrd=&pageIndex=2,가상대결,체크완료,
6719,서울특별시 종로구 국회의원선거 대통령선거 정당지지도 기타현안,2020-03-20,2020-03-20,2020-03-20,서울,종로구,서울종로구,서울경제,엠브레인퍼블릭,유무선혼합,사용,전화면접,503,16.1,100,52.3,29.3,0.7,,0.4,,,,,,,,,,,,0.8,7.7,8.8,,"이낙연, 황교안, 한병영, 오인환",https://www.nesdc.go.kr/portal/bbs/B0000005/view.do?nttId=7260&menuNo=200467&searchTime=&sdate=&edate=&pdate=&pollGubuncd=&searchCnd=&searchWrd=&pageIndex=1,가상대결,체크완료,
6717,"경기도 평택시 국회의원선거 비례대표국회의원선거 정당지지도 경기도 평택시 갑 국회의원선거 후보지지도, 정당지지도",2020-03-20,2020-03-21,2020-03-21,경기,평택시갑,경기평택시갑,중부일보,아이소프트뱅크,유무선혼합,사용,ARS,506,1.9,100,37.3,40.1,,,,,,,,,,,,,,,7.1,9.5,6,,"홍기원, 공재광",https://www.nesdc.go.kr/portal/bbs/B0000005/view.do?nttId=7259&menuNo=200467&searchTime=&sdate=&edate=&pdate=&pollGubuncd=&searchCnd=&searchWrd=&pageIndex=1,가상대결,체크완료,
6716,"경기도 고양시 덕양구 고양시 일산동구 국회의원선거 비례대표국회의원선거 정당지지도 경기도 고양시 을 국회의원선거 후보지지도, 정당지지도",2020-03-20,2020-03-20,2020-03-20,경기,고양시을,경기고양시을,중부일보,아이소프트뱅크,유무선혼합,사용,ARS,503,2.7,100,42.6,33.1,,4.9,2.1,,1.3,,,,,,,,,,2.7,7,6.3,,"한준호, 함경우, 박원석, 송영주, 박종원",https://www.nesdc.go.kr/portal/bbs/B0000005/view.do?nttId=7255&menuNo=200467&searchTime=&sdate=&edate=&pdate=&pollGubuncd=&searchCnd=&searchWrd=&pageIndex=2,가상대결,체크완료,
6713,서울특별시 동작구 국회의원선거 비례대표국회의원선거 정당지지도,2020-03-17,2020-03-18,2020-03-18,서울,동작구을,서울동작구을,동아일보,리서치앤리서치,무선,사용,전화면접,502,10.7,100,47.1,35.4,,,,,,,,,,,,,,,0.8,1.4,15.3,,"이수진, 나경원",https://www.nesdc.go.kr/files/result/202003/FILE_202003200456556880.pdf.htm,가상대결,체크완료,
6711,경기도 평택시 국회의원선거 정당지지도,2020-03-17,2020-03-18,2020-03-18,경기,평택시갑,경기평택시갑,경인일보,알앤써치,유무선혼합,사용,ARS,529,3.8,100.1,41.8,39,,,,,,,,,,,,,,,5,9.7,4.6,,"홍기원, 공재광",https://www.nesdc.go.kr/files/result/202003/FILE_202003180929249660.pdf.htm,누구에게 투표하실 것 같습니까?,체크완료,
6709,"제주도 서귀포시 국회의원선거 정당지지도 비례대표국회의원선거 정기(정례)조사, 사회현안 등(서귀포시) ",2020-03-16,2020-03-17,2020-03-17,제주,서귀포시,제주서귀포시,"제주MBC, 제주CBS, 제주신보, 제주의소리",코리아리서치인터내셔널,유무선혼합,사용,전화면접,801,13.4,100,48.6,35,,,,,,,,,,,,,,,4.5,6.8,5.1,,"위성곤, 강경필",https://www.nesdc.go.kr/files/result/202003/FILE_202003190321269760.pdf.htm,누구에게 투표하시겠습니까?,체크완료,
6708,"제주도 제주시 국회의원선거정당지지도비례대표국회의원선거 정기(정례)조사, 사회현안 등(제주시 을)",2020-03-16,2020-03-17,2020-03-17,제주,제주시을,제주제주시을,"제주MBC, 제주CBS, 제주신보, 제주의소리",코리아리서치인터내셔널,유무선혼합,사용,전화면접,803,14.1,99.9,51.2,31.8,,,1.4,,,,,,,,,,,,3.4,8.3,3.8,,"오영훈, 부상일, 강은주",https://www.nesdc.go.kr/files/result/202003/FILE_202003190320591890.pdf.htm,누구에게 투표하시겠습니까?,체크완료,
6707,"제주도 제주시 국회의원선거 정당지지도 비례대표국회의원선거 정기(정례)조사, 사회현안 등(제주시 갑) ",2020-03-16,2020-03-17,2020-03-17,제주,제주시갑,제주제주시갑,"제주MBC, 제주CBS, 제주신보, 제주의소리",코리아리서치인터내셔널,유무선혼합,사용,전화면접,806,14.9,100,34.3,27.6,0.5,5.7,,1,12.6,,,,,,,,,,3,9.4,5.9,,"송재호, 장성철, 양길현, 고병수, 문대탄, 박희수",https://www.nesdc.go.kr/portal/bbs/B0000005/view.do?nttId=7239&menuNo=200467&searchTime=&sdate=&edate=&pdate=&pollGubuncd=&searchCnd=&searchWrd=&pageIndex=1 ,누구에게 투표하시겠습니까?,체크완료,
6705,"인천광역시 서구 국회의원선거 비례대표국회의원선거 정당지지도 인천광역시 서구 갑 국회의원선거 후보지지도, 정당지지도",2020-03-16,2020-03-17,2020-03-17,인천,서구갑,인천서구갑,중부일보,아이소프트뱅크,유무선혼합,사용,ARS,501,1.8,100,41,36.4,,6.6,,,,,,,,,,,,,2.9,6.2,6.9,,"김교흥, 이학재, 김중삼",https://www.nesdc.go.kr/files/result/202003/FILE_202003181127038350.pdf.htm,가상대결,체크완료,
6704,서울특별시 동작구 국회의원선거 정당지지도,2020-03-16,2020-03-17,2020-03-17,서울,동작구을,서울동작구을,JTBC,한국갤럽조사연구소,유무선혼합,사용,전화면접,503,13.3,100,44.9,34.3,,4.2,1.7,,,,,,,,,,,,,9.1,5.8,,"이수진, 나경원, 이호영, 최서현",https://www.nesdc.go.kr/portal/bbs/B0000005/view.do?nttId=7235&menuNo=200467&searchTime=&sdate=&edate=&pdate=&pollGubuncd=&searchCnd=&searchWrd=&pageIndex=2,가상대결,체크완료,
6703,경기도 광명시 국회의원선거 정당지지도,2020-03-16,2020-03-17,2020-03-17,경기,광명시을,경기광명시을,경인일보,알앤써치,유무선혼합,사용,ARS,516,5,100,52.7,26.2,,,,,,,,,,,,,,,6.7,10.4,4,,"양기대, 김용태",https://www.nesdc.go.kr/portal/bbs/B0000005/view.do?nttId=7228&menuNo=200467&searchTime=&sdate=&edate=&pdate=&pollGubuncd=&searchCnd=&searchWrd=&pageIndex=2,누구에게 투표하실 것 같습니까?,체크완료,
6702,경기도 고양시 일산서구 국회의원선거 정당지지도,2020-03-16,2020-03-17,2020-03-17,경기,고양시정,경기고양시정,경인일보,알앤써치,유무선혼합,사용,ARS,514,7.4,99.9,40.5,40.2,,,,,,,,,,,,,,,8.3,9.2,1.7,,"이용우, 김현아",https://www.nesdc.go.kr/portal/bbs/B0000005/view.do?nttId=7227&menuNo=200467&searchTime=&sdate=&edate=&pdate=&pollGubuncd=&searchCnd=&searchWrd=&pageIndex=2,누구에게 투표하실 것 같습니까?,체크완료,
6700,전라북도 완주군 진안군 무주군 장수군 국회의원선거 정당지지도 정기(정례)조사 사회 현안 등(완주군무주군장수군진안군),2020-03-14,2020-03-15,2020-03-15,전북,완주군무주군장수군진안군,전북완주군진안군무주군장수군,"전주MBC, JTV 전주방송, 전북도민일보, 전라일보",코리아리서치인터내셔널,유무선혼합,사용,전화면접,501,21.6,,,,,,,,,,,,,,,,,,,,,,"안호영, 임정엽, 장주원",https://www.nesdc.go.kr/portal/bbs/B0000005/view.do?nttId=7232&menuNo=200467&searchTime=&sdate=&edate=&pdate=&pollGubuncd=&searchCnd=&searchWrd=&pageIndex=2,누가 가장 낫다고 생각하십니까?,체크완료,
6699,전라북도 김제시 부안군 국회의원선거 정당지지도 정기(정례)조사 사회 현안 등(김제시부안군),2020-03-14,2020-03-15,2020-03-15,전북,김제시부안군,전북김제시부안군,"전주MBC, JTV 전주방송, 전북도민일보, 전라일보",코리아리서치인터내셔널,유무선혼합,사용,전화면접,501,20.7,,,,,,,,,,,,,,,,,,,,,,"이원택, 김경민, 김종회, 김성룡, 박정요",https://www.nesdc.go.kr/portal/bbs/B0000005/view.do?nttId=7231&menuNo=200467&searchTime=&sdate=&edate=&pdate=&pollGubuncd=&searchCnd=&searchWrd=&pageIndex=2,누가 가장 낫다고 생각하십니까?,체크완료,
6698,전라북도 남원시 임실군 순창군 국회의원선거 정당지지도 정기(정례)조사 사회 현안 등(남원시임실군순창군),2020-03-14,2020-03-15,2020-03-15,전북,남원시임실군순창군,전북남원시임실군순창군,"전주MBC, JTV 전주방송, 전북도민일보, 전라일보",코리아리서치인터내셔널,유무선혼합,사용,전화면접,501,18.8,,,,,,,,,,,,,,,,,,,,,,"이강래, 정상모, 이용호, 방경채",https://www.nesdc.go.kr/portal/bbs/B0000005/view.do?nttId=7230&menuNo=200467&searchTime=&sdate=&edate=&pdate=&pollGubuncd=&searchCnd=&searchWrd=&pageIndex=2,누가 가장 낫다고 생각하십니까?,체크완료,
6697,전라북도 정읍시 고창군 국회의원선거 정당지지도 정기(정례)조사 사회 현안 등(정읍시고창군),2020-03-14,2020-03-15,2020-03-15,전북,정읍시고창군,전북정읍시고창군,"전주MBC, JTV 전주방송, 전북도민일보, 전라일보",코리아리서치인터내셔널,유무선혼합,사용,전화면접,502,16.1,,,,,,,,,,,,,,,,,,,,,,"윤준병, 유성엽, 박하웅",https://www.nesdc.go.kr/portal/bbs/B0000005/view.do?nttId=7229&menuNo=200467&searchTime=&sdate=&edate=&pdate=&pollGubuncd=&searchCnd=&searchWrd=&pageIndex=2,누가 가장 낫다고 생각하십니까?,체크완료,
6696,경기도 고양시 일산서구 국회의원선거 비례대표국회의원선거 정당지지도 경기도 고양시 정 국회의원선거 지역후보 정당지지도,2020-03-16,2020-03-16,2020-03-16,경기,고양시정,경기고양시정,중부일보,아이소프트뱅크,유무선혼합,사용,ARS,506,3.1,100,37.4,38.8,,,,,,,,,,,,,,,6,9.2,8.6,,"이용우, 김현아",https://www.nesdc.go.kr/portal/bbs/B0000005/view.do?nttId=7226&menuNo=200467&searchTime=&sdate=&edate=&pdate=&pollGubuncd=&searchCnd=&searchWrd=&pageIndex=2,가상대결,체크완료,
6695,서울특별시 종로구 국회의원선거 비례대표국회의원선거 정당지지도 ,2020-03-15,2020-03-15,2020-03-15,서울,종로구,서울종로구,동아일보,리서치앤리서치,무선,사용,전화면접,500,12,100.1,55.3,30.6,,,,,,,,,,,,,,,0.6,2.9,10.7,,"이낙연, 황교안",https://www.nesdc.go.kr/files/result/202003/FILE_202003170115177330.pdf.htm,양자 가상대결,체크완료,
6693,전라남도 목포시 국회의원선거 정당지지도,2020-03-14,2020-03-15,2020-03-16,전남,목포시,전남목포시,목포시민신문,모노커뮤니케이션즈,유무선혼합,사용,ARS,511,2.6,100,41.6,,26,17.4,,,,,,,,,,,,,3.6,6.2,5.2,,"김원이, 박지원, 윤소하",https://www.nesdc.go.kr/files/result/202003/FILE_202003160555059160.pdf.htm,누구를 지지하시겠습니까?,체크완료,
6692,충청북도 청주시 흥덕구 국회의원선거,2020-03-12,2020-03-13,2020-03-13,충북,청주시 흥덕구,충북청주시흥덕구,중앙일보,입소스 주식회사,유무선혼합,사용,전화면접,503,17.5,100,49.7,33.1,1.5,,,,,,,,,,,,,,3.6,8.8,3.3,,"도종환, 정우택, 한기수",https://www.nesdc.go.kr/files/result/202003/FILE_202003160542205541.pdf.htm,가상대결,체크완료,
6691,서울특별시 송파구 국회의원선거,2020-03-13,2020-03-14,2020-03-14,서울,송파구을,서울송파구을,중앙일보,입소스 주식회사,유무선혼합,사용,전화면접,500,9.9,100.2,37.5,40.3,0.4,2.3,,1.2,,,,,,,,,,,2.1,10.9,5.5,,"최재성, 배현진, 송동섭, 안숙현, 권주",https://www.nesdc.go.kr/files/result/202003/FILE_202003160529573441.pdf.htm,가상대결,체크완료,
6690,서울특별시 구로구 국회의원선거,2020-03-11,2020-03-12,2020-03-12,서울,구로구을,서울구로구을,중앙일보,입소스 주식회사,유무선혼합,사용,전화면접,504,11.6,99.9,45.4,23.4,,,,3.7,,,,,,,,,,,3.3,17.5,6.6,,"윤건영, 김용태, 오세찬",https://www.nesdc.go.kr/files/result/202003/FILE_202003160510009241.pdf.htm,가상대결,체크완료,
6689,서울특별시 강서구 국회의원선거 강서구 을,2020-03-11,2020-03-12,2020-03-12,서울,강서구을,서울강서구을,중앙일보,입소스 주식회사,유무선혼합,사용,전화면접,503,12.6,99.8,49,25.9,,,,2.1,,,,,,,,,,,2.2,15.8,4.8,,"진성준, 김태우, 박혜영",https://www.nesdc.go.kr/files/result/202003/FILE_202003160458261311.pdf.htm,가상대결,체크완료,
6687,서울특별시 동작구 국회의원선거 정당지지도 서울 동작을 국회의원선거,2020-03-14,2020-03-15,2020-03-15,서울,동작구을,서울동작구을,뉴시스,리얼미터,유무선혼합,사용,ARS,515,3.4,,,,,,,,,,,,,,,,,,,,,,"이수진, 나경원, 이호영, 최서현, 이성우",https://www.nesdc.go.kr/files/result/202003/FILE_202003160232520980.pdf.htm,적합도,체크완료,
6686,전라북도 익산시 국회의원선거 정당지지도 정기(정례)조사 사회 현안 등(익산갑) ,2020-03-13,2020-03-14,2020-03-14,전북,익산시갑,전북익산시갑,"전주MBC, JTV 전주방송, 전북도민일보, 전라일보",코리아리서치인터내셔널,유무선혼합,사용,전화면접,501,17.3,,,,,,,,,,,,,,,,,,,,,,"김수홍, 김경안, 민생당, 전권희, 배금당",https://www.nesdc.go.kr/portal/bbs/B0000005/view.do?nttId=7218&menuNo=200467&searchTime=::%20날짜구분%20::&sdate=&edate=&pdate=&pollGubuncd=&searchCnd=1&searchWrd=코리아리서치인터내셔널&pageIndex=1,누가 가장 낫다고 생각하십니까?,체크완료,
6685,전라북도 군산시 국회의원선거 정당지지도 정기(정례)조사 사회 현안 등 ,2020-03-13,2020-03-14,2020-03-14,전북,군산시,전북군산시,"전주MBC, JTV 전주방송, 전북도민일보, 전라일보",코리아리서치인터내셔널,유무선혼합,사용,전화면접,500,19.2,,,,,,,,,,,,,,,,,,,,,,"신영대, 배금당, 김관영",https://www.nesdc.go.kr/portal/bbs/B0000005/view.do?nttId=7217&menuNo=200467&searchTime=::%20날짜구분%20::&sdate=&edate=&pdate=&pollGubuncd=&searchCnd=1&searchWrd=코리아리서치인터내셔널&pageIndex=2,누가 가장 낫다고 생각하십니까?,체크완료,
6684,전라북도 전주시 국회의원선거 정당지지도 정기(정례)조사 사회 현안 등(전주시병),2020-03-13,2020-03-14,2020-03-14,전북,전주시병,전북전주시병,"전주MBC, JTV 전주방송, 전북도민일보, 전라일보",코리아리서치인터내셔널,유무선혼합,사용,전화면접,501,18.7,,,,,,,,,,,,,,,,,,,,,,"김성주, 정동영, 오세명, 최복기",https://www.nesdc.go.kr/portal/bbs/B0000005/view.do?nttId=7216&menuNo=200467&searchTime=::%20날짜구분%20::&sdate=&edate=&pdate=&pollGubuncd=&searchCnd=1&searchWrd=코리아리서치인터내셔널&pageIndex=2,누가 가장 낫다고 생각하십니까?,체크완료,
6681,전라북도 전주시 국회의원선거 정당지지도 정기(정례)조사 사회 현안 등(전주시을),2020-03-13,2020-03-14,2020-03-14,전북,전주시을,전북전주시을,"전주MBC, JTV 전주방송, 전북도민일보, 전라일보",코리아리서치인터내셔널,유무선혼합,사용,전화면접,502,12.9,,,,,,,,,,,,,,,,,,,,,,"이상직, 이수진, 조형철, 오형수, 배금당, 성치두, 최형재",https://www.nesdc.go.kr/portal/bbs/B0000005/view.do?nttId=7214&menuNo=200467&searchTime=::%20날짜구분%20::&sdate=&edate=&pdate=&pollGubuncd=&searchCnd=1&searchWrd=코리아리서치인터내셔널&pageIndex=2,누가 가장 낫다고 생각하십니까?,체크완료,
6680,전라북도 전주시 국회의원선거 정당지지도 정기(정례)조사 사회 현안 등(전주시 갑) ,2020-03-13,2020-03-14,2020-03-14,전북,전주시갑,전북전주시갑,"전주MBC, JTV 전주방송, 전북도민일보, 전라일보",코리아리서치인터내셔널,유무선혼합,사용,전화면접,502,16.9,,,,,,,,,,,,,,,,,,,,,,"김윤덕, 김광수, 염경석, 배금당, 이범석",https://www.nesdc.go.kr/portal/bbs/B0000005/view.do?nttId=7212&menuNo=200467&searchTime=::%20날짜구분%20::&sdate=&edate=&pdate=&pollGubuncd=&searchCnd=1&searchWrd=코리아리서치인터내셔널&pageIndex=2,누가 가장 낫다고 생각하십니까?,체크완료,
6679,충청남도 홍성군 예산군 국회의원선거 정당지지도 스트레이트 뉴스 제 21대 국회의원 선거 여론조사,2020-03-14,2020-03-15,2020-03-15,충남,"홍성군, 예산군",충남홍성군예산군,스트레이트 뉴스,조원씨앤아이,무선,사용,ARS,501,6.1,100,34.5,42.3,,,,,,,,,,,,,,,9.3,4.7,9.2,,"김학민, 홍문표",https://www.nesdc.go.kr/files/result/202003/FILE_202003160234065140.pdf.htm,양자대결,체크완료,
6678,서울특별시 광진구 국회의원선거 정당지지도 정기(정례)조사,2020-03-14,2020-03-15,2020-03-15,서울,광진구을,서울광진구을,MBC,코리아리서치인터내셔널,유무선혼합,사용,전화면접,500,17.9,99.9,41.7,39.8,,,,,,,,,,,,,,,7.3,7.9,3.2,,"고민정, 오세훈",https://www.nesdc.go.kr/files/result/202003/FILE_202003160226440101.pdf.htm,가상대결,체크완료,
6676,서울특별시 종로구 국회의원선거 정당지지도 정기(정례)조사,2020-03-14,2020-03-15,2020-03-15,서울,종로구,서울종로구,MBC,코리아리서치인터내셔널,유무선혼합,사용,전화면접,502,15.2,100,51.7,33.2,,,,,,,,,,,,,,,5.9,5.3,3.9,,"이낙연, 황교안",https://www.nesdc.go.kr/files/result/202003/FILE_202003160219139311.pdf.htm,가상대결1,체크완료,
6676,서울특별시 종로구 국회의원선거 정당지지도 정기(정례)조사,2020-03-14,2020-03-15,2020-03-15,서울,종로구,서울종로구,MBC,코리아리서치인터내셔널,유무선혼합,사용,전화면접,502,15.2,100,52.6,32.6,3.5,,,,,,,,,,,,,,3,5.4,2.9,,"이낙연, 황교안, 손학규",https://www.nesdc.go.kr/files/result/202003/FILE_202003160219139311.pdf.htm,가상대결2,체크완료,
6674,인천광역시 서구 국회의원선거 정당지지도 ,2020-03-14,2020-03-15,2020-03-15,인천,서구갑,인천서구갑,경인일보,알앤써치,유무선혼합,사용,ARS,512,4.7,100.1,40,37.2,,7.2,,,,,,,,,,,,,2.8,11.2,1.7,,"김교흥, 이학재, 김중삼",https://www.nesdc.go.kr/files/result/202003/FILE_202003160130495510.pdf.htm,누구에게 투표하실 것 같습니까?,체크완료,
6673,경기도 김포시 국회의원선거 정당지지도,2020-03-14,2020-03-15,2020-03-15,경기,김포시을,경기김포시을,경인일보,알앤써치,유무선혼합,사용,ARS,510,7.5,100.1,48.2,37.2,1.7,,,,,,,,,,,,,,3.6,8.2,1.2,,"박상혁, 홍철호, 박채순",https://www.nesdc.go.kr/files/result/202003/FILE_202003150902540330.pdf.htm,누구에게 투표하실 것 같습니까?,체크완료,
6672,경기도 고양시 일산서구 국회의원선거,2020-03-12,2020-03-13,2020-03-13,경기,고양시 일산서구 고양정,경기고양시정,중앙일보,입소스 주식회사,유무선혼합,사용,전화면접,502,14,100,42.2,31.1,,,,,,,,,,,,,,,6.7,13.9,6.1,,"이용우, 김현아",https://www.nesdc.go.kr/files/result/202003/FILE_202003160216281130.pdf.htm,가상대결,체크완료,
6671,서울특별시 동작구 국회의원선거 동작구 을,2020-03-13,2020-03-14,2020-03-14,서울,동작구을,서울동작구을,중앙일보,입소스 주식회사,유무선혼합,사용,전화면접,501,8.5,99.9,36.2,36.6,,5.4,2.5,0.8,,,,,,,,,,,1.1,11.2,6.1,,"이수진, 나경원, 이호영, 최서현, 이성우",https://www.nesdc.go.kr/files/result/202003/FILE_202003150707294781.pdf.htm,가상대결,체크완료,
6670,서울특별시 광진구 국회의원선거,2020-03-10,2020-03-11,2020-03-11,서울,광진구을,서울광진구을,중앙일보,입소스 주식회사,유무선혼합,사용,전화면접,500,10.6,99.9,44.5,36.8,,,,,,,,,,,,,,,4.5,9.7,4.4,,"고민정, 오세훈",https://www.nesdc.go.kr/files/result/202003/FILE_202003150654571101.pdf.htm,가상대결,체크완료,
6669,경기도 평택시 국회의원선거 비례대표국회의원선거 정당지지도 경기도 평택시을 국회의원선거 지역후보 정당지지도,2020-03-13,2020-03-13,2020-03-13,경기,평택시을,경기평택시을,중부일보,아이소프트뱅크,유무선혼합,사용,ARS,501,1.8,100,36.3,36.6,,,3.3,,,,,,,,,,,,4.7,7.8,11.3,,"김현정, 유의동, 김양현",https://www.nesdc.go.kr/files/result/202003/FILE_202003150412504900.pdf.htm,가상대결,체크완료,
6668,서울특별시 종로구 국회의원선거,2020-03-10,2020-03-11,2020-03-11,서울,종로구,서울종로구,중앙일보,입소스 주식회사,유무선혼합,사용,전화면접,500,12.5,100,50.5,30.2,0.8,,1.4,,,,,,,,,,,,1.8,10.2,5.1,,"이낙연, 황교안, 한병영, 오인환",https://www.nesdc.go.kr/files/result/202003/FILE_202003160220085710.pdf.htm,가상대결,체크완료,
6667,경기도 성남시 중원구 국회의원선거 비례대표국회의원선거 정당지지도 경기도 성남시 중원구 국회의원선거 지역후보 정당지지도,2020-03-13,2020-03-13,2020-03-13,경기,성남시 중원구,경기성남시중원구,중부일보,아이소프트뱅크,유무선혼합,사용,ARS,504,2.3,100,41.9,32.7,,,3.8,,,,,,,,,,,,4.4,9.2,8,,"윤영찬, 신상진, 김미희",https://www.nesdc.go.kr/files/result/202003/FILE_202003150241276440.pdf.htm,가상대결,체크완료,
6665,대구광역시 수성구 국회의원선거 비례대표국회의원선거 정당지지도 국정운영평가,2020-03-12,2020-03-13,2020-03-14,대구,수성구갑,대구수성구갑,"KBS, 한국일보",한국리서치,유무선혼합,사용,전화면접,500,20.8,100.1,32.1,37.3,,,,,,,,,,,,,,,9.3,2.8,18.6,,"김부겸, 주호영",https://www.nesdc.go.kr/files/result/202003/FILE_202003151256312551.pdf.htm,가상대결,체크완료,
6664,강원도 원주시 국회의원선거 비례대표국회의원선거 정당지지도 국정운영평가,2020-03-13,2020-03-14,2020-03-14,강원,원주시갑,강원원주시갑,"KBS, 한국일보",한국리서치,유무선혼합,사용,전화면접,500,18.5,99.9,43.2,25.8,,,,,,,,,,,,,,,11.8,3.5,15.6,,"이광재, 박정하",https://www.nesdc.go.kr/files/result/202003/FILE_202003150105434291.pdf.htm,가상대결,체크완료,
6663,충청북도 보은군 옥천군 영동군 괴산군 국회의원선거 비례대표국회의원선거 정당지지도 국정운영평가 ,2020-03-12,2020-03-13,2020-03-14,충북,보은군옥천군영동군괴산군,충북보은군옥천군영동군괴산군,"KBS, 한국일보",한국리서치,유무선혼합,사용,전화면접,500,23.9,100,29.4,43.3,,,,,,,,,,,,,,,4.9,3.4,19,,"곽상언, 박덕흠",https://www.nesdc.go.kr/files/result/202003/FILE_202003150117362770.pdf.htm,가상대결,체크완료,
6662,경기도 고양시 일산서구 국회의원선거 비례대표국회의원선거 정당지지도 국정운영평가,2020-03-13,2020-03-14,2020-03-14,경기,고양시정,경기고양시정,"KBS, 한국일보",한국리서치,유무선혼합,사용,전화면접,500,17.3,100.1,35.7,29,,,,,,,,,,,,,,,9.7,3,22.7,,"이용우, 김현아",https://www.nesdc.go.kr/files/result/202003/FILE_202003150212220511.pdf.htm,가상대결,체크완료,
6661,경기도 안양시 동안구 국회의원선거 비례대표국회의원선거 정당지지도 국정운영평가,2020-03-12,2020-03-13,2020-03-14,경기,안양시 동안구을,경기안양시동안구을,"KBS, 한국일보",한국리서치,유무선혼합,사용,전화면접,500,16.9,100.1,42.8,33.4,,5.5,,,,,,,,,,,,,4.2,2,12.2,,"이재정, 심재철, 추혜선",https://www.nesdc.go.kr/files/result/202003/FILE_202003150210012290.pdf.htm,가상대결,체크완료,
6660,인천광역시 동구 미추홀구 국회의원선거 비례대표국회의원선거 정당지지도 국정운영평가 ,2020-03-13,2020-03-14,2020-03-14,인천,동구미추홀구을,인천동구미추홀구을,"KBS, 한국일보",한국리서치,유무선혼합,사용,전화면접,500,15.4,100,32.4,12,,,,,28.9,,,,,,,,,,5,3.9,17.8,,"남영희, 안상수, 윤상현",https://www.nesdc.go.kr/files/result/202003/FILE_202003150208161900.pdf.htm,가상대결,체크완료,
6659,서울특별시 동작구 국회의원선거 비례대표국회의원선거 정당지지도 국정운영평가,2020-03-12,2020-03-13,2020-03-14,서울,동작구을,서울동작구을,"KBS, 한국일보",한국리서치,유무선혼합,사용,전화면접,500,11.5,100.1,37.3,33.9,,,,,,,,,,,,,,,9.3,1.8,17.8,,"이수진, 나경원",https://www.nesdc.go.kr/files/result/202003/FILE_202003170259223120.pdf.htm,가상대결,체크완료,
6658,서울특별시 광진구 국회의원선거 비례대표국회의원선거 정당지지도 국정운영평가 및 현안,2020-03-12,2020-03-13,2020-03-14,서울,광진구을,서울광진구을,"KBS, 한국일보",한국리서치,유무선혼합,사용,전화면접,500,14.8,100,43.3,32.3,,,,,,,,,,,,,,,7.2,1.9,15.3,,"고민정, 오세훈",https://www.nesdc.go.kr/files/result/202003/FILE_202003160604547460.pdf.htm,가상대결,체크완료,
6657,경상북도 포항시 남구 울릉군 국회의원선거 가상대결 및 경선 후보 지지도 등,2020-03-12,2020-03-13,2020-03-13,경북,포항시남구울릉군,경북포항시남구울릉군,"NSP통신 대구경북본부, (주)경북미디어 뉴스앤포항, 영남경제신문(주), 일간경북신문, 경북뉴스통신",코리아정보리서치 중부본부,유무선혼합,사용,ARS,501,3.9,100,19.6,24.2,,,,,26.7,,,,,,,,,,4.3,12.6,12.6,,"허대만, 문충운, 박승호",https://www.nesdc.go.kr/files/result/202003/FILE_202003140246246700.pdf.htm,가상대결1,체크완료,
6657,경상북도 포항시 남구 울릉군 국회의원선거 가상대결 및 경선 후보 지지도 등,2020-03-12,2020-03-13,2020-03-13,경북,포항시남구울릉군,경북포항시남구울릉군,"NSP통신 대구경북본부, (주)경북미디어 뉴스앤포항, 영남경제신문(주), 일간경북신문, 경북뉴스통신",코리아정보리서치 중부본부,유무선혼합,사용,ARS,501,3.9,100,20.6,15.5,,,,,32.3,,,,,,,,,,5.8,19.1,6.7,,"허대만, 김병욱, 박승호",https://www.nesdc.go.kr/files/result/202003/FILE_202003140246246700.pdf.htm,가상대결2,체크완료,
6650,인천광역시 중구 강화군 옹진군 국회의원선거 정당지지도,2020-03-09,2020-03-10,2020-03-10,인천,중구강화군옹진군,인천중구강화군옹진군,뉴스웍스,모노커뮤니케이션즈,유무선혼합,사용,ARS/전화면접,500,7.5,100,27.8,31.4,,5.8,,,,,,,,,,,,,2.2,7,25.8,,"조택상, 배준영, 안재형",https://www.nesdc.go.kr/portal/bbs/B0000005/view.do?nttId=7171&menuNo=200467&searchTime=::%20날짜구분%20::&sdate=&edate=&pdate=&pollGubuncd=&searchCnd=1&searchWrd=&pageIndex=8,누구를 지지하시겠습니까,체크완료,
6649,경기도 수원시 권선구 국회의원선거 비례대표국회의원선거 경기도 수원시 을 국회의원선거 지역후보정당지지도,2020-03-09,2020-03-09,2020-03-09,경기,수원시권선구,경기수원시을,중부일보,아이소프트뱅크,유무선혼합,사용,ARS,509,2.1,99.9,41.2,38.4,,,,,,,,,,,,,,,3.4,4.9,12,,"백혜련, 정미경",https://www.nesdc.go.kr/files/result/202003/FILE_202003111015112060.pdf.htm,가상대결,체크완료,
6648,경기도 동두천시 연천군 국회의원선거 비례대표국회의원선거 경기도 동두천시 연천군 국회의원선거 지역후보정당지지도,2020-03-09,2020-03-09,2020-03-09,경기,동두천시연천군,경기동두천시연천군,중부일보,아이소프트뱅크,유무선혼합,사용,ARS,503,2.5,99.9,35.9,44.6,,,,,,,,,,,,,,,4.4,5.9,9.1,,"서동욱, 김성원",https://www.nesdc.go.kr/files/result/202003/FILE_202003111018315960.pdf.htm,가상대결,체크완료,
6647,"충청남도 서산시 태안군 국회의원선거 정당지지도 정당지지도, 가상대결 등",2020-03-07,2020-03-08,2020-03-08,충남,서산시태안군,충남서산시태안군,"서산시대, 태안신문, 충남방송",리서치뷰,유무선혼합,사용,ARS,1000,5.9,100,41.6,43.4,,4.2,,,,,,,,,,,,,2.2,4,4.6,,"조한기, 성일종, 신현웅",https://www.nesdc.go.kr/files/result/202003/FILE_202003100326327380.pdf.htm,가상대결,체크완료,
6646,인천광역시 남동구 국회의원선거 비례대표국회의원선거 인천광역시 남동구 갑 국회의원선거 지역후보정당지지도,2020-03-08,2020-03-08,2020-03-08,인천,남동구,인천남동구갑,중부일보,아이소프트뱅크,유무선혼합,사용,ARS,503,1.9,100,38.7,39.4,,,,,,,,,,,,,,,3.9,7.2,10.8,,"맹성규, 유정복",https://www.nesdc.go.kr/files/result/202003/FILE_202003160500547180.pdf.htm,가상대결,체크완료,
6645,경기도 고양시 덕양구 국회의원선거 비례대표국회의원선거 경기도 고양시 갑 국회의원선거 지역후보정당지지도,2020-03-08,2020-03-08,2020-03-08,경기,고양시덕양구,경기고양시갑,중부일보,아이소프트뱅크,유무선혼합,사용,ARS,502,3.1,99.9,26.5,33.5,,26.3,,,,,,,,,,,,,3,4.9,5.7,,"문명순, 이경환, 심상정",https://www.nesdc.go.kr/files/result/202003/FILE_202003111112553320.pdf.htm,가상대결,체크완료,
6644,기도 남양주시 국회의원선거비례대표국회의원선거 경기도 남양주시 병 국회의원선거 지역후보정당지지도,2020-03-06,2020-03-06,2020-03-06,경기,남양주시,경기남양주시병,중부일보,아이소프트뱅크,유무선혼합,사용,ARS,508,2.9,100,41.7,41.1,,2.7,,,,,,,,,,,,,1.7,4.9,7.9,,"김용민, 주광덕, 장형진",https://www.nesdc.go.kr/files/result/202003/FILE_202003090136427430.pdf.htm,가상대결,체크완료,
6643,경기도 용인시 기흥구 경기도 용인시 기흥구 국회의원선거비례대표국회의원선거 경기도 용인시 정 국회의원선거 지역후보정당지지도,2020-03-06,2020-03-06,2020-03-06,경기,용인시기흥구수지구,경기용인시정,중부일보,아이소프트뱅크,유무선혼합,사용,ARS,508,2.3,99.9,45.1,39,,3,,,,,,,,,,,,,1.7,6.7,4.4,,"이탄희, 김범수, 김배곤",https://www.nesdc.go.kr/files/result/202003/FILE_202003090538101270.pdf.htm,가상대결,체크완료,
6637,"서울특별시 광진구 국회의원선거 후보지지도, 비례대표 정당지지도 등",2020-03-02,2020-03-03,2020-03-03,서울,광진구을,서울광진구을,뉴스핌,코리아정보리서치 중부본부,유무선혼합,사용,ARS,1001,3.3,100.1,38.6,48.2,,,,,,,,,,,,,,,2.6,5.9,4.8,,"고민정, 오세훈",https://www.nesdc.go.kr/files/result/202003/FILE_202003050235299780.pdf.htm,누구를 지지하시겠습니까?,체크완료,
6634,경기도 부천시 국회의원선거비례대표국회의원선거정당지지도 부천시 원미구 갑,2020-03-02,2020-03-03,2020-03-03,경기,부천시원미구갑,경기부천시갑,중부일보,아이소프트뱅크,유무선혼합,사용,ARS,504,3,100,44.8,25.3,,,,,,,,,,,,,,,7.6,8.6,13.7,,"김경협, 이음재",https://www.nesdc.go.kr/files/result/202003/FILE_202003040403070840.pdf.htm,가상대결,체크완료,
6632,서울특별시 종로구 국회의원선거 비례대표국회의원선거 정당지지도 국정운영평가 및 현안 ,2020-03-01,2020-03-02,2020-03-02,서울,종로구,서울종로구,한국일보,한국리서치,유무선혼합,사용,전화면접,500,14.4,99.9,49.6,27.7,,,,,,,,,,,,,,,7.8,3.2,11.6,,"이낙연, 황교안",https://www.nesdc.go.kr/files/result/202003/FILE_202003040558498570.pdf.htm,가상대결,체크완료,
6631,서울특별시 광진구 국회의원선거 비례대표국회의원선거 정당지지도 국정운영평가 및 현안,2020-03-01,2020-03-02,2020-03-02,서울,광진구을,서울광진구을,한국일보,한국리서치,유무선혼합,사용,전화면접,500,13.4,100,35.9,38.5,,,,,,,,,,,,,,,5.7,3.1,16.8,,"고민정, 오세훈",https://www.nesdc.go.kr/files/result/202003/FILE_202003040533419280.pdf.htm,가상대결,체크완료,
6625,서울특별시 광진구 국회의원선거 정당지지도 서울 광진을 국회의원선거,2020-02-29,2020-03-01,2020-03-01,서울,광진구을,서울광진구을,뉴시스,리얼미터,유무선혼합,사용,ARS,539,4.9,100.1,46.1,42,,,,,,,,,,,,,,,2.6,4.1,5.3,,"고민정, 오세훈",https://www.nesdc.go.kr/files/result/202003/FILE_202003020404313370.pdf.htm,가상대결,체크완료,
6624,"충청북도 보은군 옥천군 영동군 괴산군 국회의원선거 정당지지도 스트레이트 뉴스 제 21대 국회의원 선거 여론조사(충북 보은,옥천, 영동, 괴산군 선거구)",2020-03-01,2020-03-01,2020-03-01,충북,보운군옥천군영동군괴산군,충북보은군옥천군영동군괴산군,스트레이트 뉴스,조원씨앤아이,무선,사용,ARS,503,6.5,100,38.7,39.4,,,,,,,,,,,,,,,7.5,8,6.4,,"곽상언, 박덕흠",https://www.nesdc.go.kr/files/result/202003/FILE_202003020354468890.pdf.htm,양자대결,체크완료,
6623,"경상남도 양산시 국회의원선거 정당지지도 기타 경상남도 양산시 갑선거구 정당지지도, 국회의원 예비후보 지지도에 대한 여론조사",2020-02-27,2020-02-29,2020-03-01,경남,양산시갑,경남양산시갑,에브리미디어,에브리미디어,유무선혼합,사용,ARS,504,5.6,100,35.4,46.7,,,,,,,,,,,,,,,3.3,8.6,6,,"이재영, 윤영석",https://www.nesdc.go.kr/files/result/202003/FILE_202003020946337750.pdf.htm,어느 후보를 지지하시겠습니까?,체크완료,
6614,전라남도 여수시 국회의원선거정당지지도,2020-02-24,2020-02-24,2020-02-24,전남,여수시,전남여수시을,"뉴시스광주전남, 무등일보, 전남일보, 광주MBC, 여수MBC, 목포MBC",한국갤럽조사연구소,유무선혼합,사용,전화면접,504,17.3,100,44.3,3.4,15.8,,,,,,,,,,,,,,10,17.4,9.1,,"김회재, 심정우, 주승용",https://www.nesdc.go.kr/files/result/202003/FILE_202002250338232400.pdf.htm,가상대결,체크완료,
6613,광주광역시 남구 국회의원선거정당지지도,2020-02-23,2020-02-23,2020-02-23,광주,동구남구갑,광주동구남구갑,"뉴시스광주전남, 무등일보, 전남일보, 광주MBC, 여수MBC, 목포MBC",한국갤럽조사연구소,유무선혼합,사용,전화면접,502,18.5,100,43.8,,20.4,,,,,,,,,,,,,,8.7,14.4,12.7,,"윤영덕, 장병완",https://www.nesdc.go.kr/files/result/202003/FILE_202002250438190960.pdf.htm,가상대결1,체크완료,
6611,전라남도 영암군 전라남도 영암군 전라남도 영암군 국회의원선거정당지지도,2020-02-25,2020-02-25,2020-02-25,전남,영얌군무안군신안군,전남영암군무안군신안군,뉴시스광주전남/무등일보/전남일보/광주·여수·목포MBC,한국갤럽조사연구소,유무선혼합,사용,전화면접,507,25.4,100.1,41.5,,12,,,,1,3.6,,,,,,,,,11.5,19.9,10.6,,"백재욱, 이윤석, 김팔봉, 임홍빈",https://www.nesdc.go.kr/files/result/202003/FILE_202002261022446361.pdf.htm,가상대결1,체크완료,
6610,전라남도 목포시 국회의원선거,2020-02-25,2020-02-25,2020-02-25,전남,목포시,전남목포시,뉴시스광주전남/무등일보/전남일보/광주·여수·목포MBC,한국갤럽조사연구소,유무선혼합,사용,전화면접,509,18.9,99.9,31,,29,15.1,,,,,,,,,,,,,6.4,10.7,7.7,,"김원이, 박지원, 윤소하",https://www.nesdc.go.kr/files/result/202003/FILE_202002261014019961.pdf.htm,가상대결1,체크완료,
6608,전라남도 고흥군 전라남도 고흥군 전라남도 고흥군 전라남도 고흥군 국회의원선거정당지지도,2020-02-25,2020-02-25,2020-02-25,전남,고흥군보성군장흥군강진군,전남고흥군보성군장흥군강진군,뉴시스광주전남/무등일보/전남일보/광주·여수·목포MBC,한국갤럽조사연구소,유무선혼합,사용,전화면접,501,31.1,100,42.1,,25.5,,,,,,,,,0.6,,,,,12.9,11.5,7.4,,"김승남, 황주홍, 김화진",https://www.nesdc.go.kr/files/result/202003/FILE_202002260958086521.pdf.htm,가상대결,체크완료,
6606,광주광역시 광산구 국회의원선거정당지지도 광산구을,2020-02-24,2020-02-25,2020-02-25,전남,광주시광산구갑 국회의원선거구,광주광산구갑,뉴시스광주전남/무등일보/전남일보/광주·여수·목포MBC,한국갤럽조사연구소,유무선혼합,사용,전화면접,503,15.8,100.1,52.4,,10.3,3.5,2,,,,,,,,,,,,10.3,13.6,8,,"이용빈, 김동철, 나경채, 정희성",https://www.nesdc.go.kr/files/result/202003/FILE_202002261137564751.pdf.htm,가상대결2,체크완료,
6605,광주광역시 서구 국회의원선거정당지지도,2020-02-24,2020-02-25,2020-02-25,전남,광주시 서구을 국회의원선거구,광주서구을,뉴시스광주전남/무등일보/전남일보/광주·여수·목포MBC,한국갤럽조사연구소,유무선혼합,사용,전화면접,500,14.6,100.1,49.7,,16.5,6.8,,,,,,,,,,,,,6,12.5,8.6,,"양향자, 천정배, 유종천",https://www.nesdc.go.kr/files/result/202003/FILE_202002261138399391.pdf.htm,가상대결2,체크완료,
6599,전라남도 광양시 곡성군 구례군 국회의원선거,2020-02-24,2020-02-24,2020-02-24,전남,광양시곡성군구례군,전남광양시곡성군구례군,"뉴시스광주전남, 무등일보, 전남일보, 광주MBC, 여수MBC, 목포MBC",한국갤럽조사연구소,유무선혼합,사용,전화면접,505,18.3,99.9,27,,,7.9,2.9,,1.8,21.4,,,,,,,,,14.2,16,8.7,,"권향엽, 이경자, 유현주, 김광영, 정인화",https://www.nesdc.go.kr/files/result/202003/FILE_202002250313459021.pdf.htm,가상대결1,체크완료,
6599,전라남도 광양시 곡성군 구례군 국회의원선거,2020-02-24,2020-02-24,2020-02-24,전남,광양시곡성군구례군,전남광양시곡성군구례군,"뉴시스광주전남, 무등일보, 전남일보, 광주MBC, 여수MBC, 목포MBC",한국갤럽조사연구소,유무선혼합,사용,전화면접,505,18.3,99.9,34.9,,,5.7,2.2,,2.7,21.1,,,,,,,,,9.6,14.8,8.9,,"서동용, 이경자, 유현주, 김광영, 정인화",https://www.nesdc.go.kr/files/result/202003/FILE_202002250313459021.pdf.htm,가상대결2,체크완료,
6597,서울특별시 종로구 국회의원선거 정당지지도 스트레이트뉴스 제 21대 국회의원 선거 조사(종로구),2020-02-23,2020-02-24,2020-02-24,서울,종로구,서울종로구,스트레이트 뉴스,조원씨앤아이,무선,사용,ARS,511,4.9,100.1,55.8,34,,,,,,,,,,,,,,,2,5,3.3,,"이낙연, 황교안",https://www.nesdc.go.kr/files/result/202003/FILE_202002250101447420.pdf.htm,양자대결,체크완료,
6594,충청남도 아산시 국회의원선거 정당지지도 충남 아산시을 국회의원선거,2020-02-22,2020-02-23,2020-02-24,충남,"아산시 제3선거구, 제4선거구",충남아산시을,굿모닝충청,리얼미터,유무선혼합,사용,ARS,509,4.9,100,47.9,31.6,,,,,,,,,,,,,,,,11,9.5,,"강훈식, 박경귀",https://www.nesdc.go.kr/files/result/202003/FILE_202002250943428220.pdf.htm,가상대결B,체크완료,
6593,충청남도 아산시 국회의원선거 정당지지도 충남 아산시갑 국회의원선거,2020-02-22,2020-02-23,2020-02-24,충남,"아산시 제1선거구, 제2선거구",충남아산시갑,굿모닝충청,리얼미터,유무선혼합,사용,ARS,510,7.3,100,40.8,44.4,,,,,,,,,,,,,,,,9.7,5.1,,"복기왕, 이명수",https://www.nesdc.go.kr/files/result/202003/FILE_202002250921443060.pdf.htm,가상대결,체크완료,
6590,충청남도 보령시 서천군 국회의원선거 정당지지도 충남 보령시서천군 국회의원선거,2020-02-22,2020-02-22,2020-02-23,충남,보령시서천군,충남보령시서천군,굿모닝충청,리얼미터,유무선혼합,사용,ARS,513,8.3,100,47.4,41.7,,,,,,,,,,,,,,,,4.7,6.2,,"나소열, 김태흠",https://www.nesdc.go.kr/files/result/202003/FILE_202002240558516530.pdf.htm,가상대결,체크완료,
6588,전라남도 목포시 국회의원선거 비례대표국회의원선거 정당지지도 ,2020-02-22,2020-02-23,2020-02-23,전남,목포시,전남목포시,KBS,한국리서치,유무선혼합,사용,전화면접,500,22.5,100,35.8,,21.4,13.9,,,,,,,,,,,,,11.7,5.1,12.1,,"김원이, 박지원, 윤소하",https://www.nesdc.go.kr/files/result/202003/FILE_202002240459427450.pdf.htm,가상대결,체크완료,
6585,서울특별시 종로구 국회의원선거 비례대표국회의원선거 ,2020-02-22,2020-02-23,2020-02-23,서울,종로구,서울종로구,KBS,한국리서치,유무선혼합,사용,전화면접,500,20,99.9,47.9,27.9,,,,,,,,,,,,,,,10.5,1.7,11.9,,"이낙연, 황교안",https://www.nesdc.go.kr/files/result/202003/FILE_202002240312330990.pdf.htm,가상대결,체크완료,
6584,"부산광역시 해운대구 국회의원선거 정당지지도 기타 정당지지도, 국회의원 예비후보 지지도, 미래통합당 공천자 경쟁력에 대한 여론조사",2020-02-20,2020-02-22,2020-02-23,부산,해운대구을,부산해운대구을,에브리미디어,에브리미디어,유무선혼합,사용,ARS,509,4.5,100,37.5,43.3,,,,,,,,,,,,,,,6.2,6.8,6.2,,"윤준호, 김미애",https://www.nesdc.go.kr/files/result/202003/FILE_202002240134060790.pdf.htm,가상대결,체크완료,
6578,경기도 하남시 국회의원선거 정당지지도 경기일보 제 21대 국회의원 선거 조사(경기도 하남시),2020-02-21,2020-02-22,2020-02-22,경기,하남시,경기하남시,경기일보,조원씨앤아이,무선,사용,ARS,500,3.9,100.1,49.1,22.5,,,2.5,,,,,,,,,,,,7.7,11.4,6.9,,"최종윤, 이창근, 이현심",https://www.nesdc.go.kr/files/result/202003/FILE_202002230437305020.pdf.htm,다자대결,체크완료,
6572,서울특별시 종로구 국회의원선거 정당지지도 서울 종로구 국회의원선거,2020-02-19,2020-02-20,2020-02-20,서울,종로구,서울종로구,뉴시스,리얼미터,유무선혼합,사용,ARS,516,4.4,100.2,50.3,39.2,,,2,,,,,,,,,,,,1.7,4.8,2.2,,"이낙연, 황교안, 오인환",https://www.nesdc.go.kr/files/result/202003/FILE_202002210633402550.pdf.htm,가상대결,체크완료,
6565,서울특별시 종로구 국회의원선거 정당지지도 제21대 국회의원선거(종로구) ,2020-02-17,2020-02-18,2020-02-18,서울 ,종로구,서울종로구,쿠키뉴스,조원씨앤아이,무선,사용,ARS,501,4.7,100,50.6,35.8,,,,,,,,,,,,,,,4,5.3,4.3,,"이낙연, 황교안",https://www.nesdc.go.kr/files/result/202003/FILE_202002191056344791.pdf.htm,양자대결,체크완료,
6564,"전라북도 전주시 국회의원선거 정당지지도 병선거구 가상대결, 정당지지도, 민주당 후보적합도",2020-02-15,2020-02-16,2020-02-17,전북,전주시 병선거구,전북전주시병,새전북신문,리서치뷰,유선,미사용,ARS,500,1.2,100,50.7,,33.1,,,,,,,,,,,,,,7.6,5.3,3.3,,"김성주, 정동영",https://www.nesdc.go.kr/files/result/202003/FILE_202002250226058330.pdf.htm,가상대결,체크완료,
6562,"전라북도 전주시 국회의원선거 정당지지도 갑선거구 가상대결, 정당지지도, 민주당 후보적합도",2020-02-15,2020-02-16,2020-02-17,전북,전주시 갑선거구,전북전주시갑,새전북신문,리서치뷰,유선,미사용,ARS,500,1.6,100,61.5,,22.1,,,,,,,,,,,,,,7.7,4.2,4.5,,"김윤덕, 김광수",https://www.nesdc.go.kr/files/result/202003/FILE_202002210340516860.pdf.htm,가상대결,체크완료,
6561,경기도 안양시 동안구 국회의원선거 정당지지도 안양시 동안구을,2020-02-17,2020-02-18,2020-02-18,경기,안양시 동안구을,경기안양시동안구을,중부일보,아이소프트뱅크,유무선혼합,사용,ARS,501,1.1,100,41.6,36.8,,7.4,,,,,,,2.8,,,,,,3,2.8,5.6,,"이재정, 심재철, 추혜선, 임재훈",https://www.nesdc.go.kr/files/result/202003/FILE_202002190157038040.pdf.htm,가상대결,체크완료,
6559,부산광역시 서구 동구 국회의원선거,2020-02-16,2020-02-17,2020-02-17,부산,서구 동구,부산서구동구,아시아투데이,알앤써치,유무선혼합,사용,ARS,561,1.7,100,32.4,43.1,,,,,,,,,,,,,,,,13.4,11.1,,"이재강, 안병길",https://www.nesdc.go.kr/files/result/202003/FILE_202002201131498770.pdf.htm,양자대결,체크완료,
6557,서울특별시 종로구 국회의원선거 정당지지도 서울 종로구 국회의원선거,2020-02-17,2020-02-18,2020-02-18,서울,"종로구 가 선거구, 나 선거구, 다 선거구, 라 선거구",서울종로구,JTBC,리얼미터,유무선혼합,사용,ARS,514,4.4,100,54.7,37.2,,,1.4,,,,,,,,,,,,2.5,2.6,1.6,,"이낙연, 황교안, 오인환",https://www.nesdc.go.kr/files/result/202003/FILE_202002180620592130.pdf.htm,가상대결,체크완료,
6556,전라남도 고흥군 보성군 장흥군 강진군 국회의원선거,2020-02-16,2020-02-17,2020-02-17,전남,고흥군 보성군 장흥군 강진군,전남고흥군보성군장흥군강진군,장흥신문,코리아정보리서치 ,유무선혼합,사용,ARS,1032,4.6,100.1,43.3,,29.8,,,,5,,,,,,,,,,12,5.2,4.8,,"김승남, 황주홍, 김화진",https://www.nesdc.go.kr/files/result/202003/FILE_202002261231021280.pdf.htm,가상대결,체크완료,
6553,경기도 부천시 국회의원선거 정당지지도 경기일보 제 21대 국회의원 선거 조사(부천시 오정구) ,2020-02-15,2020-02-16,2020-02-17,경기,부천시 오정구 선거구,경기부천시정,경기일보,조원씨앤아이,유무선혼합,사용,ARS,501,4.2,100,48,19.5,,3.5,,,,,,,,,,,,,6.4,11.1,11.5,,"서영석, 안병도, 구자호",https://www.nesdc.go.kr/files/result/202003/FILE_202002180215291950.pdf.htm,다자대결,체크완료,
6552,경기도 부천시 국회의원선거 정당지지도 부천시 소사구 국회의원선거,2020-02-08,2020-02-09,2020-02-09,경기,부천시소사구,경기부천시병,경기신문,리얼미터,유무선혼합,사용,ARS,510,3.8,100,48.5,26,,8.4,,,,,,,,,,,,,,10.6,6.5,,"김상희, 차명진, 신현자",https://www.nesdc.go.kr/files/result/202003/FILE_202002190610074960.pdf.htm,가상대결A,체크완료,
6548,경기도 이천시 국회의원선거 정당지지도 경기일보 제 21대 국회의원 선거 여론조사(이천시) ,2020-02-15,2020-02-16,2020-02-16,경기,이천시,경기이천시,경기일보,조원씨앤아이,무선,사용,ARS,501,5.1,100,39.5,33.7,,,,,,,,,,,,,,,6.9,11.5,8.4,,"김용진, 송석준",https://www.nesdc.go.kr/files/result/202003/FILE_202002170704408500.pdf.htm,다자대결1,체크완료,
6547,경상남도 창원시 마산합포구 국회의원선거 정당지지도,2020-02-13,2020-02-14,2020-02-14,경남,창원시마산합포구,경남창원시마산합포구,"경남연합일보,미래한국연구소",피플네트웍스,유무선혼합,사용,ARS,1011,5.7,100.1,21.5,31.7,,,,,8.6,,,,,,,,,,11.8,16.7,9.8,,"박남현, 최형두, 정규헌",https://www.nesdc.go.kr/files/result/202003/FILE_202002171257156540.pdf.htm,가상대결4,체크완료,
6539,"충청남도 서산시 태안군 국회의원선거 정당지지도 정당지지도, 가상대결 등",2020-02-08,2020-02-09,2020-02-09,충남,서산시태안군,충남서산시태안군,서산포스트,리서치뷰,무선,사용,ARS,1000,8.7,100,38.4,48.6,,,,,,,,,,,,,,,5.5,3.4,4.1,,"조한기, 성일종",https://www.nesdc.go.kr/files/result/202003/FILE_202002130139264270.pdf.htm,가상대결,체크완료,
6530,충청남도 공주시 충청남도 공주시 충청남도 공주시 국회의원선거정당지지도 충남 공주시부여군청양군 국회의원선거,2020-02-06,2020-02-07,2020-02-07,충남,공주시부여군청양군,충남공주시부여군청양군,굿모닝충청,리얼미터,유무선혼합,사용,ARS,510,4.4,100.1,44.7,39.8,,,,,,,,,,,,,,,,8.1,7.5,,"박수현, 정진석",https://www.nesdc.go.kr/files/result/202003/FILE_202002100351274370.pdf.htm,가상대결B,체크완료,
6529,대전광역시 유성구 국회의원선거정당지지도 대전 유성구갑 국회의원선거,2020-02-06,2020-02-07,2020-02-08,대전,유성구갑,대전유성구갑,굿모닝충청,리얼미터,유무선혼합,사용,ARS,524,3.6,100,41.9,29.6,,,4.5,3.7,,,,,,,,,,,,10.6,9.7,,"조승래, 장동혁, 김선재, 양순옥",https://www.nesdc.go.kr/files/result/202003/FILE_202002100351074870.pdf.htm,가상대결A,체크완료,
6524,충청남도 서산시 태안군 국회의원선거 정당지지도 충남 서산태안 국회의원선거,2020-02-06,2020-02-07,2020-02-07,충남,서산시태안군,충남서산시태안군,굿모닝충청,리얼미터,유무선혼합,사용,ARS,532,8.5,100.1,37.9,50.7,,,,,,,,,,,,,,,3,3.8,4.7,,"조한기, 성일종",https://www.nesdc.go.kr/files/result/202003/FILE_202002101107395680.pdf.htm,가상대결,체크완료,
6522,"서울특별시 종로구 국회의원선거 정당지지도 가상대결, 투표 참여의향 등",2020-02-07,2020-02-08,2020-02-08,서울,종로구,서울종로구,뉴스토마토,케이에스오아이 주식회사(한국사회여론연구소),무선,사용,ARS,708,7,100,54.7,34,,,,,,,,,,,,,,,1.9,7.5,1.9,,"이낙연, 황교안",https://www.nesdc.go.kr/files/result/202003/FILE_202002090946201070.pdf.htm,가상대결1,체크완료,
6514,광주광역시 남구 국회의원선거 정당지지도 ,2020-01-31,2020-02-01,2020-02-01,광주,동구남구갑,광주동구남구갑,"CMB광주방송,투데이광주,중앙뉴스라인",피플네트웍스,유무선혼합,사용,ARS,501,4.2,100,44,,23.4,,,,,,,,,,,,,,14.4,11.4,6.8,,"윤영덕, 장병완",https://www.nesdc.go.kr/files/result/202003/FILE_202002180701108670.pdf.htm,가상대결2,체크완료,
6512,광주광역시 광산구 국회의원선거 정당지지도,2020-01-31,2020-02-01,2020-02-01,광주,광산구갑,광주광산구갑,"CMB광주방송,투데이광주,중앙뉴스라인",피플네트웍스,유무선혼합,사용,ARS,502,4.1,100,60.2,,16.4,,,,,,,,,,,,,,10.2,8,5.2,,"이용빈, 김동철",https://www.nesdc.go.kr/files/result/202003/FILE_202002180713015230.pdf.htm,가상대결2,체크완료,
6506,전라남도 목포시 국회의원선거 정당지지도,2020-01-28,2020-01-29,2020-01-30,전남,목포시,전남목포시,SBS,입소스 주식회사,유무선혼합,사용,전화면접,508,18.6,99.9,24.8,,31.6,27.2,,,,,,,,,,,,,4.5,9.2,2.6,,"김원이, 박지원, 윤소하",https://www.nesdc.go.kr/files/result/202003/FILE_202002041107101950.pdf.htm,가상대결1,체크완료,
6502,경기도 이천시 국회의원선거 경기도 이천시 국회의원선거 ,2020-02-01,2020-02-02,2020-02-02,경기,이천시,경기이천시,중부일보,리얼미터,유무선혼합,사용,ARS,500,8.4,100,40.6,44.3,,,,,,,,,,,,,,,,7.9,7.2,,"김용진, 송석준",https://www.nesdc.go.kr/files/result/202003/FILE_202002040147346630.pdf.htm,가상대결B,체크완료,
6496,경기도 성남시 중원구 국회의원선거 정당지지도 경기일보 제 21대 국회의원 선거 조사,2020-02-01,2020-02-02,2020-02-02,경기,성남시중원구,경기성남시중원구,경기일보,조원씨앤아이,무선,사용,ARS,502,4.5,100,48.6,29.6,,,3.9,,,,,,,,,,,,6.4,6.5,5,,"윤영찬, 신상진, 김미희",https://www.nesdc.go.kr/files/result/202003/FILE_202002030244082880.pdf.htm,다자대결1,체크완료,
6491,전라북도 김제시 부안군 국회의원선거 정당지지도 ,2020-01-31,2020-02-01,2020-02-01,전북,김제시부안군,전북김제시부안군,전주일보,데일리리서치,무선,사용,ARS,1010,8.4,100,58.5,,4.1,,,,16.3,,,,,,,,,,7.5,7.8,5.8,,"이원택, 김경민, 김종회",https://www.nesdc.go.kr/files/result/202003/FILE_202002041029261840.pdf.htm,가상대결2,체크완료,
6485,부산광역시 북구 강서구 국회의원선거,2020-01-28,2020-01-29,2020-01-30,부산,북구강서구갑,부산북구강서구갑,SBS,입소스 주식회사,유무선혼합,사용,전화면접,510,14.1,100.1,51.4,35.6,,,,,,,,,,,,,,,1.4,6.9,4.8,,"전재수, 박민식",https://www.nesdc.go.kr/files/result/202003/FILE_202002030300441921.pdf.htm,가상대결,체크완료,
6484,서울특별시 종로구 국회의원선거정당지지도 ,2020-01-28,2020-01-29,2020-01-30,서울,종로구,서울종로구,SBS,입소스 주식회사,유무선혼합,사용,ARS,500,17.1,99.8,53.2,26,,,1.9,,,,,,,,,,,3,1,10.9,3.8,,"이낙연, 황교안, 정문헌, 오인환",https://www.nesdc.go.kr/files/result/202003/FILE_202002010613073030.pdf.htm,가상대결,체크완료,
6464,경기도 포천시 가평군 국회의원선거 정당지지도 1월 3주차 주간집계,2020-01-19,2020-01-20,2020-01-21,경기,포천시가평군,경기포천시가평군,포천뉴스,리얼미터,유무선혼합,사용,ARS,1007,5.8,100,39.9,33.8,,,,,,,,,,,,,,,,14.8,11.5,,"이철휘, 최춘식",https://www.nesdc.go.kr/files/result/202003/FILE_202001290554346310.pdf.htm,가상대결B,체크완료,
6456,전라남도 목포시 국회의원선거 정당지지도,2020-01-16,2020-01-17,2020-01-19,전남,목포시,전남목포시,"남도일보,뉴스1광주전남취재본부",알앤써치,유무선혼합,사용,ARS,552,2.9,100,34.6,,19.2,21.2,,,,,,,,,,,,,,18.1,6.9,,"김원이, 박지원, 윤소하",https://www.nesdc.go.kr/files/result/202003/FILE_202001220443294060.pdf.htm,가상대결1,체크완료,
6455,전라남도 고흥군 보성군 장흥군 강진군 국회의원선거 정당지지도,2020-01-16,2020-01-17,2020-01-18,전남,고흥보성장흥강진군,전남고흥군보성군장흥군강진군,"남도일보,뉴스1광주전남취재본부",알앤써치,유무선혼합,사용,ARS,541,4.2,100,42.3,,30.9,,,,,,,,,,,,,,,20.9,5.9,,"김승남, 황주홍",https://www.nesdc.go.kr/files/result/202003/FILE_202001220316565990.pdf.htm,가상대결2,체크완료,
6450,광주광역시 광산구 국회의원선거 정당지지도,2020-01-17,2020-01-18,2020-01-19,광주,광산구갑,광주광산구갑,"남도일보,뉴스1광주전남취재본부",알앤써치,유무선혼합,사용,ARS,500,1.8,100,57.4,,7.1,,5,,,,,,,,,,,,,23.7,6.8,,"이용빈, 김동철, 정희성",https://www.nesdc.go.kr/files/result/202003/FILE_202001220525245030.pdf.htm,가상대결1,체크완료,
6446,광주광역시 전체 국회의원선거 북구갑,2020-01-18,2020-01-19,2020-01-20,광주,북구갑,광주북구갑,"광주일보, kbc광주방송",리얼미터,유무선혼합,사용,ARS,502,4.7,99.9,49.7,,,,,,34.3,,,,,,,,,,,8.6,7.3,,"조오섭, 김경진",https://www.nesdc.go.kr/files/result/202003/FILE_202001220114105870.pdf.htm,가상대결B,체크완료,
6445,전라남도 여수시 국회의원선거 여수갑,2020-01-18,2020-01-19,2020-01-20,전남,여수시갑,전남여수시갑,"광주일보, kbc광주방송",리얼미터,유무선혼합,사용,ARS,510,5.9,99.9,49.3,,,,,,25,,,,,,,,,,,18,7.6,,"주철현, 이용주",https://www.nesdc.go.kr/files/result/202003/FILE_202001221129567600.pdf.htm,가상대결E,체크완료,
6444,광주광역시 전체 국회의원선거 동구남구을,2020-01-18,2020-01-19,2020-01-20,광주,동구남구을,광주동구남구을,"광주일보, kbc광주방송",리얼미터,유무선혼합,사용,ARS,505,7.2,99.9,58.4,,17.1,,,,,,,,,,,,,,,15.1,9.3,,"이병훈, 박주선",https://www.nesdc.go.kr/files/result/202003/FILE_202001221125149120.pdf.htm,가상대결B,체크완료,
6442,전라남도 고흥군 보성군 장흥군 강진군 국회의원선거,2020-01-18,2020-01-19,2020-01-20,전남,고흥군보성군장흥군강진군,전남고흥군보성군장흥군강진군,"광주일보, kbc광주방송",리얼미터,유무선혼합,사용,ARS,503,9.6,100,43.3,,31.2,,,,,,,,,,,,,,,13.4,12.1,,"김승남, 황주홍",https://www.nesdc.go.kr/files/result/202003/FILE_202001280601076280.pdf.htm,가상대결B,체크완료,
6440,광주광역시 전체 국회의원선거 동구남구갑,2020-01-18,2020-01-19,2020-01-20,광주,동구남구갑,광주동구남구갑,"광주일보, kbc광주방송",리얼미터,유무선혼합,사용,ARS,509,5.7,99.9,35.3,,23.4,,,,,,,,,,,,,,,24.7,16.5,,"윤영덕, 장병완",https://www.nesdc.go.kr/files/result/202003/FILE_202001221127340510.pdf.htm,가상대결B,체크완료,
6435,경기도 안양시 동안구 국회의원선거 정당지지도 경기일보 제 21대 국회의원 선거 여론조사,2020-01-19,2020-01-20,2020-01-20,경기,안양시 동안구 을,경기안양시동안구을,경기일보,조원씨앤아이,무선,사용,ARS,501,5,99.9,41.8,33.3,,6.4,,,,,,,5,,,,,,3.6,6.4,3.4,,"이재정, 심재철, 임재훈, 추혜선",https://www.nesdc.go.kr/files/result/202003/FILE_202001210450130230.pdf.htm,다자대결,체크완료,임재훈 미통 컷오프
6433,충청남도 공주시 부여군 청양군 국회의원선거 정당지지도 제 21대 국회의원 선거 특집 조사,2020-01-18,2020-01-19,2020-01-19,충남,공주시부여군청양군,충남공주시부여군청양군,쿠키뉴스,조원씨앤아이,무선,사용,ARS,500,5.2,100.1,42.6,34.8,,,,,,,,,,,,,,,9.3,8.5,4.9,,"박수현, 정진석",https://www.nesdc.go.kr/files/result/202003/FILE_202001210244421270.pdf.htm,양자대결,체크완료,
6429,광주광역시 북구 국회의원선거 정당지지도,2020-01-17,2020-01-18,2020-01-20,광주,북구을,광주북구을,"남도일보,뉴스1광주전남취재본부",알앤써치,유무선혼합,사용,ARS,533,1.3,100,54.7,,11.4,6.2,6.8,,,,,,,,,,,,,17.2,3.7,,"이형석, 최경환, 황순영, 윤민호",https://www.nesdc.go.kr/files/result/202003/FILE_202001220436047310.pdf.htm,가상대결,체크완료,
6428,광주광역시 전체 국회의원선거 정당지지도,2020-01-17,2020-01-18,2020-01-19,광주,북구갑,광주북구갑,"남도일보,뉴스1광주전남취재본부",알앤써치,유무선혼합,사용,ARS,530,2.1,100,47.9,,,3.5,,,32.8,,,,,,,,,,,11.1,4.7,,"조오섭, 이승남, 김경진",https://www.nesdc.go.kr/files/result/202003/FILE_202001210223282900.pdf.htm,가상대결,체크완료,
6427,광주광역시 서구 국회의원선거 정당지지도,2020-01-17,2020-01-18,2020-01-19,광주,서구을,광주서구을,"남도일보,뉴스1광주전남취재본부",알앤써치,유무선혼합,사용,ARS,549,1.7,100,50.9,,18,8.7,,,,,,,,,,,,,,18.7,3.7,,"양향자, 천정배, 유종천",https://www.nesdc.go.kr/files/result/202003/FILE_202001220511236441.pdf.htm,가상대결,체크완료,
6425,광주광역시 동구 국회의원선거 정당지지도,2020-01-17,2020-01-18,2020-01-19,광주,동구남구갑,광주동구남구갑,"남도일보,뉴스1광주전남취재본부",알앤써치,유무선혼합,사용,ARS,525,3.1,99.9,35.4,,17.2,,,,,,,,,,,,,,,37,10.3,,"윤영덕, 장병완",https://www.nesdc.go.kr/files/result/202003/FILE_202001220445557240.pdf.htm,가상대결,체크완료,
6419,전라북도 전주시 국회의원선거 정당지지도 뉴스1 전북취재본부 제 21대 국회의원 선거 여론조사(전주시 병) ,2020-01-17,2020-01-18,2020-01-18,전북,전주시병,전북전주시병,뉴스1 전북취재본부,조원씨앤아이,무선,사용,ARS,503,5.6,100,46.8,,30.5,4.4,,,,,,,,,,,,,6.5,6.9,4.9,,"김성주, 정동영, 오형수",https://www.nesdc.go.kr/files/result/202003/FILE_202001210352030790.pdf.htm,다자대결,체크완료,
6417,전라북도 전주시 국회의원선거 정당지지도 뉴스1 전북취재본부 제 21대 국회의원 선거 여론조사(전주시 갑),2020-01-17,2020-01-18,2020-01-19,전북,전주시갑,전북전주시갑,뉴스1 전북취재본부,조원씨앤아이,유무선혼합,사용,ARS,500,3.3,100,56,,11.7,,,,,,,,,,,,,,17.8,7,7.5,,"김윤덕, 김광수",https://www.nesdc.go.kr/files/result/202003/FILE_202001200446562340.pdf.htm,양자대결,체크완료,
6416,전라북도 남원시 임실군 순창군 국회의원선거 정당지지도 ,2020-01-18,2020-01-18,2020-01-18,전북,남원시 임실군 순창군,전북남원시임실군순창군,임순남타임즈,피플네트웍스,유선,미사용,ARS,624,5,99.9,32.2,,,8.5,,,40.1,,,,,,,,,,12.4,3.1,3.6,,"이강래, 정상모, 이용호",https://www.nesdc.go.kr/files/result/202003/FILE_202001280605574660.pdf.htm,가상대결,체크완료,
6415,전라북도 군산시 국회의원선거 정당지지도 뉴스1 전북취재본부 제 21대 국회의원 선거 여론조사(군산시),2020-01-15,2020-01-16,2020-01-17,전북,군산시,전북군산시,뉴스1 전북취재본부,조원씨앤아이,유무선혼합,사용,ARS,492,4.3,99.9,48.1,,,,,,22,,,,,,,,,,17.7,5,7.1,,"신영대, 김관영",https://www.nesdc.go.kr/files/result/202003/FILE_202001200446128680.pdf.htm,양자대결,체크완료,
6414,전라북도 익산시 국회의원선거 정당지지도 뉴스1 전북취재본부 제 21대 국회의원 선거 여론조사(익산을) ,2020-01-15,2020-01-16,2020-01-17,전북,익산시을,전북익산시을,뉴스1 전북취재본부,조원씨앤아이,유무선혼합,사용,ARS,500,2.3,100,49.8,,19.8,9.9,,,,,,,,,,,,,6.7,8,5.8,,"한병도, 조배숙, 권태홍",https://www.nesdc.go.kr/files/result/202003/FILE_202001200459442910.pdf.htm,다자대결,체크완료,
6404,경상남도 밀양시 경상남도 밀양시 경상남도 밀양시 경상남도 밀양시 국회의원선거정당지지도 ,2020-01-13,2020-01-14,2020-01-14,경남,"밀양,의령,함안,창녕",경남밀양시의령군함안군창녕군,"경남연합일보,미래한국연구소",피플네트웍스,유무선혼합,미사용,ARS,132,3.4,100,23,48.3,,,,,,,,,,,,,5.3,,6.4,9.6,7.4,,"조성환, 조해진, 이승율",https://www.nesdc.go.kr/files/result/202003/FILE_202001160149215230.pdf.htm,가상대결,체크완료,
6400,"경기도 성남시 중원구 국회의원선거 정당지지도 , 국회의원 적합도 등",2020-01-13,2020-01-14,2020-01-14,경기,성남시 중원구,경기성남시중원구,뉴스토마토,케이에스오아이 주식회사(한국사회여론연구소),유무선혼합,사용,ARS,710,2.8,100,34.6,31.2,,,6.7,,,,,,,,,,,,7.1,14.7,5.7,,"윤영찬, 신상진, 김미희",https://www.nesdc.go.kr/files/result/202003/FILE_202001170156072970.pdf.htm,가상대결,체크완료,
6397,전라북도 남원시 임실군 순창군 국회의원선거 정당지지도 뉴스1 전북취재본부 제 21대 국회의원 선거 여론조사,2020-01-13,2020-01-14,2020-01-14,전북,"남원시, 임실군, 순창군",전북남원시임실군순창군,뉴스1 전북취재본부,조원씨앤아이,무선,사용,ARS,502,7.3,100,35.3,,,6.5,,,30.1,,,,,,,,,,12.8,9.1,6.2,,"이강래, 정상모, 이용호",https://www.nesdc.go.kr/files/result/202003/FILE_202001141026427990.pdf.htm,다자대결,체크완료,
6395,전라북도 김제시 부안군 국회의원선거 정당지지도 뉴스1 전북취재본부 제 21대 국회의원 선거 여론조사,2020-01-13,2020-01-14,2020-01-14,전북,"김제시, 부안군",전북김제시부안군,뉴스1 전북취재본부,조원씨앤아이,무선,사용,ARS,500,8.5,99.9,60.3,,3,,,,19.3,,,,,,,,1.2,,7,4.8,4.3,,"이원택, 김경민, 박정요, 김종희",https://www.nesdc.go.kr/files/result/202003/FILE_202001141011231240.pdf.htm,다자대결,체크완료,
6390,광주광역시 남구 국회의원선거 정당지지도 쿠키뉴스 제 21대 국회의원 선거 특집 조사,2020-01-11,2020-01-12,2020-01-13,광주,동남구갑,광주동구남구갑,쿠키뉴스,조원씨앤아이,유무선혼합,사용,ARS,510,3.9,100,39,,14.9,,,,,,,,,,,,,,24.5,10.6,11,,"윤영덕, 장병완",https://www.nesdc.go.kr/files/result/202003/FILE_202001141148263510.pdf.htm,양자대결,체크완료,
6377,경상남도 창원시 진해구 국회의원선거정당지지도,2019-12-30,2019-12-31,2019-12-31,경남,창원시진해구,경남창원시진해구,경남도민신문,에이스리서치,유무선혼합,사용,ARS,800,2.2,100,38.8,42.3,,,,,,,,,,,,,,,9.3,5.7,3.9,,"황기철, 이달곤",https://www.nesdc.go.kr/files/result/202003/FILE_202001090239328211.pdf.htm,가상대결,체크완료,
6362,전라북도 정읍시 전라북도 정읍시 국회의원선거정당지지도,2019-12-30,2019-12-31,2019-12-31,전북,정읍시고창군,전북정읍시고창군,비전코리아뉴스,비전코리아솔루션즈,유무선혼합,사용,ARS,805,6.2,100.1,49.9,,22.7,,,,,,,,,,,,,,6.9,11,9.6,,"윤준병, 유성엽",https://www.nesdc.go.kr/files/result/202003/FILE_202001060939207410.pdf.htm,가상대결,체크완료,